grad_norm,loss,loss_q0,loss_q1,loss_q2,loss_q3,mse,mse_q0,mse_q1,mse_q2,mse_q3,samples,step
9.217121097947885,0.9850048422813416,0.9868111099515642,0.9659809470176697,0.9738400578498841,0.9998525579770406,0.9850048422813416,0.9868111099515642,0.9659809470176697,0.9738400578498841,0.9998525579770406,20,0
